mean_one,std_one,std_zero,var_one,var_zero,skew_one,skew_zero,kurt_one,kurt_zero,rms_one,rms_zero,en_one,en_zero,max_one,max_zero,min_one,min_zero,mse_one,cos_one,cos_zero,msg_size,label
4.6543322476,0.0258466300,0.0194452272,0.0006680483,0.0003781169,-65.4198576101,41.6333625311,5172.9500902425,5763.2615687296,4.6544040134,0.0198498585,21.6634767198,0.0003940169,5.0000000000,2.1527756584,2.5037385174,-0.8308410645,0.1201542433,0.9999845811,0.2008821919,medium,A
4.6543987256,0.0222125882,0.0208360637,0.0004933991,0.0004341416,-59.2036889397,30.5413670615,4502.4952112873,5354.0313546099,4.6544517288,0.0211946123,21.6639208956,0.0004492116,5.0000000000,2.1527756584,2.8109073153,-1.4012145996,0.1199336400,0.9999886124,0.1831604643,medium,A
4.6540075215,0.0105543457,0.0152348205,0.0001113942,0.0002320998,-20.0194192419,34.6447777571,2067.2292262410,3991.7103529902,4.6540194890,0.0156474206,21.6598974040,0.0002448418,5.0000000000,1.3629566332,3.7322611164,-1.0501098633,0.1198221894,0.9999974286,0.2281268045,medium,A
