mean_one,std_one,std_zero,var_one,var_zero,skew_one,skew_zero,kurt_one,kurt_zero,rms_one,rms_zero,en_one,en_zero,max_one,max_zero,min_one,min_zero,mse_one,cos_one,cos_zero,msg_size,char_len,label
4.6542385178,0.0300413889,0.0149209199,0.0009024850,0.0002226339,-63.2872077232,-8.4124654302,4633.7094804673,2145.4726225601,4.6543354698,0.0154260178,21.6628386654,0.0002379620,5.0000000000,1.0557878353,2.1527756584,-0.8308410645,1.8348644481,0.9999791695,0.2537998590,medium,44,A
4.6543039851,0.0270254778,0.0167381152,0.0007303764,0.0002801645,-62.8974281191,-11.6346457199,4832.5502186716,3801.6558029441,4.6543824469,0.0171663426,21.6632759617,0.0002946833,5.0000000000,1.1874752037,2.1527756584,-1.4012145996,1.8348696604,0.9999831424,0.2219667092,medium,44,A
4.6540075215,0.0105543457,0.0152348205,0.0001113942,0.0002320998,-20.0194192419,34.6447777571,2067.2292262410,3991.7103529902,4.6540194890,0.0156474206,21.6598974040,0.0002448418,5.0000000000,1.3629566332,3.7322611164,-1.0501098633,1.8334477624,0.9999974286,0.2281268045,medium,44,A
